group_id,group_name,primary_access,secondary_access,preferred_account,recommended_mode,needs_review
-1004393273555,30km/h on the m2,Yes,Yes,secondary,photo,No
-1004235044424,3ecurity Checkpoint,Yes,Yes,secondary,disabled,No
-1003859212740,Adalaide Pirate BAY,Yes,Yes,secondary,text,no
-1004469366586,ADELAIDE 24/7,no,no,,disabled,yes
-1003930257064,Adelaide Airport,Yes,Yes,secondary,photo,No
-1003805619039,Adelaide Magistrates Court,no,no,,disabled,yes
-1003545605516,ADELAIDE METRO,Yes,Yes,secondary,review,yes
-1004379921299,ADL TRAPHOUSE ⚡️,no,no,,disabled,yes
-1004352665986,Autumn moon,Yes,Yes,secondary,disabled,No
-1003814551928,Banks st,Yes,Yes,secondary,text,no
-1004318892677,Banks st,no,no,,disabled,yes
-5019029752,Barnicle Bills,Yes,Yes,secondary,photo,No
-1003920220207,C3G Channel comments,no,no,,disabled,yes
-1003737908826,C3Games Channel,Yes,Yes,secondary,disabled,No
-1004437781319,C3Groupz request,no,no,,disabled,yes
-1003770707549,C3G™ Hub,Yes,Yes,secondary,review,yes
-1004341816827,C3hopping,yes,Yes,secondary,disabled,No
-1001111005085,Calsi Bot Dev,no,no,,disabled,yes
-1003677256735,CHURCH,no,no,,disabled,yes
-1003628433436,DE 2,no,no,,disabled,yes
-1003239188020,DE 3,no,no,,disabled,yes
-1003717648128,Discord Network 5000,Yes,Yes,secondary,text,no
-1003915189438,District Court,no,no,,disabled,yes
-1004463468409,Dragon rich,Yes,Yes,secondary,text,no
-1002975139284,DRIP DISTRICT,no,no,,disabled,yes
-1003841381912,East | TBKL,no,no,,disabled,yes
-1004358165851,Everything frm rack ta crack,Yes,Yes,secondary,text,no
-1004427751985,Facebook marketplace,Yes,Yes,secondary,review,yes
-1003891348658,Federal Court Of Australia,no,no,,disabled,yes
-1003568227198,Findon C@ckFlats♧ C3TBC,Yes,Yes,secondary,text,no
-1004439901445,Fried Fap outs,no,no,,disabled,yes
-1004344584783,fro535,no,no,,disabled,yes
-1002708619489,GANGSTA'S PARADISE🎲,no,no,,disabled,yes
-1004324847111,Genghis khan,Yes,Yes,secondary,disabled,No
-1003872787802,Git f#cked,Yes,Yes,secondary,text,no
-1001114724027,Group Help Board | GH,no,no,,disabled,yes
-1004312040757,Happy and prosperous,Yes,yes,secondary,disabled,No
-1003886506348,High stakes,Yes,Yes,secondary,text,no
-1003992421358,HillyBilly Jill DoinCrackDeal,Yes,Yes,secondary,disabled,No
-1002639606924,HUSTLE KINGDOM 👑,no,no,,disabled,yes
-1003997985643,Methica ™,Yes,Yes,secondary,photo,No
-997925562,Miss Brina’s BakeHouZ 3.0,no,no,,disabled,yes
-1004348714051,Moon race,Yes,Yes,secondary,text,no
-1003946521488,MrCandys<>Cr@ckShack,Yes,Yes,secondary,review,yes
-1002368770681,Mt Barker is sleeping,no,no,,disabled,yes
-1004432290099,New requests,no,no,,disabled,yes
-1004402939965,Only gas,Yes,Yes,secondary,text,no
-1002822324406,OTR,no,no,,disabled,yes
-1004386221051,Panda magic,Yes,Yes,secondary,photo,No
-1003928116387,Port Adelaide Magistrates Court,no,no,,disabled,yes
-1001156481777,PreVerify Example Channel,no,no,,disabled,yes
-1004387200780,Reddits F#cked,Yes,Yes,secondary,text,no
-1002880396213,RISE - text only messages,no,no,,disabled,yes
-5593075972,Rso oil,Yes,Yes,secondary,review,yes
-1004366976154,Sailsburys community,Yes,Yes,secondary,photo,No
-5413292746,Seaford Tavern,Yes,Yes,secondary,photo,No
-1003787045293,Sir. Wigsalot,Yes,Yes,secondary,text,no
-1003991802277,Snapchat won't ban u here,Yes,Yes,secondary,photo,No
-1003871590238,South | TBKL,no,no,,disabled,yes
-1003908774297,SPARE 1,no,no,,disabled,yes
-1004493857830,SPARE 2,no,no,,disabled,yes
-1003954528323,SuperCheapAutoV10,Yes,Yes,secondary,photo,No
-1003998010174,Supreme Court Of South Australia,no,no,,disabled,yes
-1003587023243,TBC 10,no,no,,disabled,yes
-1003943447646,TBC 12,no,no,,disabled,yes
-1003824047916,TBC 3,no,no,,disabled,yes
-1003987090998,TBC 5,no,no,,disabled,yes
-1003927735918,TBC 6,no,no,,disabled,yes
-1003910965821,TBC 7,no,no,,disabled,yes
-1002766579428,TBC channel,no,no,,disabled,yes
-1002609134181,TBC group,no,no,,disabled,yes
-1002899362128,TBC REQUEST TO JOIN,no,no,,disabled,yes
-1002872367633,TBC REQUEST TO JOIN,no,no,,disabled,yes
-1002894898101,TBC REQUEST TO JOIN,no,no,,disabled,yes
-1001224624669,Telegram Tips,no,no,,disabled,yes
-1001066197625,Telegram Usernames,no,no,,disabled,yes
-1004428425263,Temporary test site,Yes,Yes,secondary,text,no
-1003969350505,ThaC@ckShacks backup,Yes,Yes,secondary,disabled,No
-1004363799249,TonyMontana vs TonySaprano,Yes,Yes,secondary,text,no
-1004253158737,Toy's R us,Yes,Yes,secondary,text,no
-1004461500220,Treasures For Pleasures,Yes,Yes,secondary,disabled,No
-1002801383537,TSC RETIRED,no,no,,disabled,yes
-1002725897136,UNDERGROUND,no,no,,disabled,yes
-1004305647654,Vending_Machine Updates,no,no,,disabled,yes
-1003503267398,Vending_Machine_central,no,no,,disabled,yes
-1002163241249,Vending〄Machine Central〄Adelaide,Yes,Yes,secondary,review,yes
-5366406267,Vending〄Machine North〄Side,no,no,,disabled,yes
-1003731341305,Vending〄Machine North〄Side,no,no,,disabled,yes
-1003975721997,Vending〄Machine South〄Side,Yes,Yes,secondary,photo,No
-1004482196016,What's app what's tha?,yes,Yes,secondary,review,yes
-1003181700364,シャドル 𝕾𝖍𝖆𝖉𝖔𝖗ū,no,no,,disabled,yes
-1001526292147,🅐🅟🅟🅡🅞🅗🅤🅑📲,no,no,,disabled,yes
-1003558075969,🎱 BALLERS PARADISE 🎱,no,no,,disabled,yes
-1004296946774,The Gully,yes,yes,secondary,text,no
-1004335465419,lockleys hotel,yes,yes,secondary,photo,no
-1004429974486,The Highlander,yes,yes,secondary,text,no
-1003764123746,Saints shopping centre,yes,yes,secondary,text,no
-1004468442100,The Modbury Hotel,yes,yes,secondary,text,no
-1004411359047,Golden Grove Tavern,yes,yes,secondary,text,no
-1004365849734,Findon hotel,yes,yes,secondary,text,no
-1004381412598,Scottys Motel,yes,yes,secondary,text,no
-5373297650,Vending Autoposter Cache,yes,yes,secondary,disabled,no
-1004478804761,5/5 filling,yes,yes,secondary,disabled,no
-1004323196706,3/5 Filling,yes,yes,secondary,disabled,no
-1003920395923,1/5 filling,yes,yes,secondary,disabled,no
-1004431909299,4/5 filling,yes,yes,secondary,disabled,no
-1004343579259,2/5 filling,yes,yes,secondary,disabled,no
-1004452610440,Active - Post,yes,yes,secondary,disabled,no
